TERMINAL_ID;x_terminal_id;y_terminal_id
0;41.7022004702574;72.0324493442158
1;0.011437481734488664;30.233257263183976
2;14.675589081711305;9.233859476879779
3;18.62602113776709;34.556072704304775
4;39.67674742306699;53.88167340033569
5;41.91945144032948;68.52195003967594
6;20.445224973151742;87.81174363909454
7;2.7387593197926163;67.04675101784022
8;41.730480236712694;55.868982844575164
9;14.038693859523377;19.81014890848788
